ID,Plot_ID,Easting,Northing,Date,Observers,Shrub_Species,BA_Factor,BA_Species,BA_Live_Count,BA_Dead_Count,Con_NRG_Species,Con_NRG_Distance,Con_NRG_Azimuth,Con_NSS_Species,Con_NSS_Distance,Con_NSS_Azimuth,Hard_NRG_Species,Hard_NRG_Distance,Hard_NRG_Azimuth,Hard_NSS_Species,Hard_NSS_Distance,Hard_NSS_Azimuth,Resprout_Species,Resprout_Count,TS_DBH,Height(cm),LYG (cm),TS_Age,Notes,,
PWR,5,739985,4267537,7/27/2016,MR/PE,CHRSEM,20,PIJE,2,0,PIJE,0.35,232,ABCO,9.5,197,QUKE,25,144,QUKE,4.5,311,NA,NA,NA,NA,NA,NA,,,
PWR,5,739985,4267537,7/27/2016,MR/PE,CHAFOL,,PIPO,1,0,CADE,4.9,164,PILA,15,168,,,,,,,,,,,,,,,
PWR,5,739985,4267537,7/27/2016,MR/PE,QUEVAC,,CADE,1,1,PIPO,5.3,119,PIJE,4.9,1,,,,,,,,,,,,,,,
PWR,5,739985,4267537,7/27/2016,MR/PE,ARCPAT,,,,,PILA,5.3,118,CADE,9.4,209,,,,,,,,,,,,,,,
PWR,5,739985,4267537,7/27/2016,MR/PE,RIBROE,,,,,,,,PIPO,11.2,310,,,,,,,,,,,,,,,
PWR,5,739985,4267537,7/27/2016,MR/PE,CEACOR,,,,,,,,,,,,,,,,,,,,,,,,,
PWR,8,743196,4267936,7/8/2016,MR/PE,CEACOR,20,ABCO,0,5,CADE,1.5,210,PIJE,27,206,NA,NA,NA,NA,NA,NA,NA,NA,NA,,,,,,
PWR,8,743196,4267936,7/8/2016,MR/PE,AMAUTA,,CADE,1,1,PIJE,6,194,PILA,43,177,,,,,,,,,,,,,,,
PWR,8,743196,4267936,7/8/2016,MR/PE,RIBROE,,,,,PILA,7.8,188,CADE,12,12,,,,,,,,,,,,,,,
PWR,8,743196,4267936,7/8/2016,MR/PE,,,,,,,,,ABCO,10.4,100,,,,,,,,,,,,,,,
PWR,9,739992,4267632,7/27/2016,MR/PE,CEACOR,20,PIPO,3,1,PIPO,2,86,PIPO,10.4,148,NA,NA,NA,NA,NA,NA,NA,NA,NA,NA,NA,NA,,,
PWR,9,739992,4267632,7/27/2016,MR/PE,ARCPAT,,CADE,1,0,PIJE,2,259,PIJE,45.2,350,,,,,,,,,,,,,,,
PWR,9,739992,4267632,7/27/2016,MR/PE,RIBROE,,,,,CADE,2.5,74,CADE,28.3,166,,,,,,,,,,,,,,,
PWR,9,739992,4267632,7/27/2016,MR/PE,,,,,,PILA,1.6,288,PILA,63.2,287,,,,,,,,,,,,,,,
PWR,13,740211,4267422,7/27/2016,MR/PE,RIBROE,20,CADE,2,0,PILA,0.2,4,PILA,13,105,NA,NA,NA,NA,NA,NA,NA,NA,NA,NA,NA,NA,,,
PWR,13,740211,4267422,7/27/2016,MR/PE,CEACOR,,ABCO,0,3,ABCO,0.3,266,ABCO,21.1,318,,,,,,,,,,,,,,,
PWR,13,740211,4267422,7/27/2016,MR/PE,CEAINT,,PILA,2,3,CADE,0.1,300,PIJE,71,5,,,,,,,,,,,,,,,
PWR,13,740211,4267422,7/27/2016,MR/PE,SAMNEG,,,,,PIJE,5.7,262,CADE,2,262,,,,,,,,,,,,,,,
PWR,13,740211,4267422,7/27/2016,MR/PE,PRUEMA,,,,,,,,,,,,,,,,,,,,,,,,,
PWR,13,740211,4267422,7/27/2016,MR/PE,CHRSEM,,,,,,,,,,,,,,,,,,,,,,,,,
PWR,13,740211,4267422,7/27/2016,MR/PE,ARCPAT,,,,,,,,,,,,,,,,,,,,,,,,,
PWR,13,740211,4267422,7/27/2016,MR/PE,RIBNEV,,,,,,,,,,,,,,,,,,,,,,,,,
PWR,13,740211,4267422,7/27/2016,MR/PE,SYMMOL,,,,,,,,,,,,,,,,,,,,,,,,,
PWR,13,740211,4267422,7/27/2016,MR/PE,SALIX SP.,,,,,,,,,,,,,,,,,,,,,,,,,
PWR,16,742610,4267326,7/8/2016,MR/PE,ARCPAT,20,ABCO,1,3,CADE,1.7,316,CADE,7.4,343,QUKE,11.6,257,QUKE,36.4,276,NA,NA,NA,NA,NA,NA,,,
PWR,16,742610,4267326,7/8/2016,MR/PE,RIBROE,,CADE,3,0,PILA,2.6,279,ABCO,11.3,248,,,,,,,,,,,,,,,
PWR,16,742610,4267326,7/8/2016,MR/PE,CEACOR,,,,,PIJE,17.4,340,PIJE,40.5,18,,,,,,,,,,,,,,,
PWR,16,742610,4267326,7/8/2016,MR/PE,QUEVAC,,,,,,,,PILA,129,189,,,,,,,,,,,,,,,
PWR,16,742610,4267326,7/8/2016,MR/PE,RIBVIS,,,,,,,,,,,,,,,,,,,,,,,,,
PWR,16,742610,4267326,7/8/2016,MR/PE,SAMNEG,,,,,,,,,,,,,,,,,,,,,,,,,
PWR,18,742612,4267118,7/8/2016,MR/PE,CEACOR,20,ABCO,0,7,CADE,3.8,347,PIJE,95,37,,,,,,,,,,,,,,,
PWR,18,742612,4267118,7/8/2016,MR/PE,RIBROE,,CADE,1,1,PIJE,3,30,ABCO,10.1,128,,,,,,,,,,,,,,,
PWR,18,742612,4267118,7/8/2016,MR/PE,ARCPAT,,,,,ABCO,17,109,CADE,24.2,350,,,,,,,,,,,,,,,
PWR,18,742612,4267118,7/8/2016,MR/PE,PRUEMA,,,,,,,,PILA,35,110,,,,,,,,,,,,,,,
PWR,22,741022,4266874,6/23/2016,MR/PE,ARCPAT,20,PIJE,1,0,PIPO,2.3,150,PIJE,2.3,340,NA,NA,NA,NA,NA,NA,NA,NA,NA,NA,NA,NA,,,
PWR,22,741022,4266874,6/23/2016,MR/PE,RIBROE,,CADE,1,0,PILA,11,47,CADE,12.6,23,,,,,,,,,,,,,,,
PWR,22,741022,4266874,6/23/2016,MR/PE,CHAFOL,,ABCO,1,0,,,,PILA,26.9,232,,,,,,,,,,,,,,,
PWR,22,741022,4266874,6/23/2016,MR/PE,CEACOR,,PIPO,1,0,,,,ABCO,23.4,121,,,,,,,,,,,,,,,
PWR,22,741022,4266874,6/23/2016,MR/PE,SYMMOL,,,,,,,,,,,,,,,,,,,,,,,,,
PWR,25,741421,4266645,6/23/2016,MR/PE,CEACOR,20,CADE,6,0,CADE,0.7,199,CADE,6.1,297,QUKE,3.3,328,NA,NA,NA,NA,NA,NA,NA,NA,NA,,,
PWR,25,741421,4266645,6/23/2016,MR/PE,RIBROE,,ABCO,8,0,ABCO,1,260,ABCO,8.1,336,,,,,,,,,,,,,,,
PWR,25,741421,4266645,6/23/2016,MR/PE,ARCPAT,,,,,PILA,3.5,294,PILA,22.7,300,,,,,,,,,,,,,,,
PWR,25,741421,4266645,6/23/2016,MR/PE,SYMMOL,,,,,PIPO,5.7,298,PIPO,25.4,276,,,,,,,,,,,,,,,
PWR,27,746432,4266840,7/13/2016,MR/PE,ARCPAT,20,ABCO,0,5,PIJE,14.1,358,ABCO,79,21,NA,NA,NA,NA,NA,NA,QUCH,11,0,0.8,7,10,,,
PWR,27,746432,4266840,7/13/2016,MR/PE,CHAFOL,,PIJE,0,1,PILA,13.8,226,CADE,88,40,,,,,,,,,,,,,,,
PWR,27,746432,4266840,7/13/2016,MR/PE,CEACOR,,CADE,0,2,,,,PIJE,104,14,,,,,,,,,,,,,,,
PWR,27,746432,4266840,7/13/2016,MR/PE,GARFRE,,,,,,,,,,,,,,,,,,,,,,,,,
PWR,27,746432,4266840,7/13/2016,MR/PE,ARCVIS,,,,,,,,,,,,,,,,,,,,,,,,,
PWR,27,746432,4266840,7/13/2016,MR/PE,PRUEMA,,,,,,,,,,,,,,,,,,,,,,,,,
PWR,35,730432,4265919,7/5/2016,MR/PE,CEACOR,5,PIPO,1,0,NA,NA,NA,PIPO,35,337,NA,NA,NA,NA,NA,NA,NA,NA,NA,NA,NA,NA,,,
PWR,35,730432,4265919,7/5/2016,MR/PE,CEAINT,,QUKE,0,1,,,,PILA,54,337,,,,,,,,,,,,,,,
PWR,35,730432,4265919,7/5/2016,MR/PE,PRUEMA,,,,,,,,ABCO,55,338,,,,,,,,,,,,,,,
PWR,35,730432,4265919,7/5/2016,MR/PE,CHAFOL,,,,,,,,CADE,61.5,316,,,,,,,,,,,,,,,
PWR,35,730432,4265919,7/5/2016,MR/PE,RIBROE,,,,,,,,,,,,,,,,,,,,,,,,,
PWR,35,730432,4265919,7/5/2016,MR/PE,ARCPAT,,,,,,,,,,,,,,,,,,,,,,,,,
PWR,37,741237,4266272,7/7/2016,MR/PE,ARCPAT,5,PIPO,2,0,PIPO,1.6,180,NA,NA,NA,NA,NA,NA,NA,NA,NA,NA,NA,NA,NA,NA,NA,,,
PWR,37,741237,4266272,7/7/2016,MR/PE,CEACOR,,CADE,0,1,CADE,9,76,,,,,,,,,,,,,,,,,,
PWR,37,741237,4266272,7/7/2016,MR/PE,CHAFOL,,,,,,,,,,,,,,,,,,,,,,,,,
PWR,48,739645,4266017,7/11/2016,MR/PE,CEACOR,20,PIPO,3,0,PILA,2.9,213,PIPO,3.2,130,NA,NA,NA,QUKE,5.3,140,QUKE,7,NA,3.6,30,11,,,
PWR,48,739645,4266017,7/11/2016,MR/PE,ARCVIS,,CADE,3,1,CADE,5.2,0,CADE,3.5,79,,,,,,,,,,,,,,,
PWR,48,739645,4266017,7/11/2016,MR/PE,ARCPAT,,,,,ABCO,11.8,43,ABCO,14,306,,,,,,,,,,,,,,,
PWR,48,739645,4266017,7/11/2016,MR/PE,CHAFOL,,,,,,,,,,,,,,,,,,,,,,,,,
PWR,48,739645,4266017,7/11/2016,MR/PE,RIBROE,,,,,,,,,,,,,,,,,,,,,,,,,
PWR,48,739645,4266017,7/11/2016,MR/PE,CEAPAR,,,,,,,,,,,,,,,,,,,,,,,,,
PWR,49,741246,4266072,7/7/2016,MR/PE,CHAFOL,5,PIPO,1,1,PIPO,4.2,90,PIPO,11.3,290,QUKE,3.2,338,QUKE,11.1,111,,,,,,,,,
PWR,49,741246,4266072,7/7/2016,MR/PE,CEACOR,,,,,CADE,5.2,327,CADE,19.9,338,,,,,,,,,,,,,,,
PWR,49,741246,4266072,7/7/2016,MR/PE,ARCPAT,,,,,PILA,8.5,20,PILA,33.2,357,,,,,,,,,,,,,,,
PWR,49,741246,4266072,7/7/2016,MR/PE,,,,,,,,,ABCO,18,13,,,,,,,,,,,,,,,
PWR,56,730469,4265508,7/5/2016,MR/PE,CHAFOL,5,PIPO,3,0,PIPO,1.7,142,PIPO,34,180,NA,NA,NA,QUKE,69,191,NA,NA,NA,NA,NA,NA,,,
PWR,56,730469,4265508,7/5/2016,MR/PE,CEAINT,,CADE,1,3,CADE,4.6,235,PILA,59.6,202,,,,,,,,,,,,,,,
PWR,56,730469,4265508,7/5/2016,MR/PE,SAMNEG,,ABCO,0,1,,,,CADE,37.8,200,,,,,,,,,,,,,,,
PWR,56,730469,4265508,7/5/2016,MR/PE,RIBROE,,,,,,,,ABCO,30.5,219,,,,,,,,,,,,,,,
PWR,62,739850,4265827,7/11/2016,MR/PE,CHAFOL,20,PIPO,7,0,CADE,7.2,121,PIPO,3,256,NA,NA,NA,QUKE,10.5,165,NA,NA,NA,NA,NA,NA,,,
PWR,62,739850,4265827,7/11/2016,MR/PE,ARCPAT,,PILA,1,0,PIPO,5.1,324,PILA,24.4,16,,,,,,,,,,,,,,,
PWR,62,739850,4265827,7/11/2016,MR/PE,CEACOR,,,,,,,,CADE,10.8,73,,,,,,,,,,,,,,,
PWR,62,739850,4265827,7/11/2016,MR/PE,RIBROE,,,,,,,,ABCO,67,346,,,,,,,,,,,,,,,
PWR,64,741253,4265868,6/28/2016,MR/PE,QUEVAC,5,PIPO,5,0,PIPO,78,94,PIPO,11.3,274,NA,NA,NA,QUKE,30.7,240,NA,NA,NA,NA,NA,NA,,,
PWR,64,741253,4265868,6/28/2016,MR/PE,KACBRE,,,,,,,,PILA,31.5,234,,,,,,,,,,,,,,,
PWR,64,741253,4265868,6/28/2016,MR/PE,ARCVIS,,,,,,,,CADE,38.8,315,,,,,,,,,,,,,,,
PWR,64,741253,4265868,6/28/2016,MR/PE,ARCPAT,,,,,,,,,,,,,,,,,,,,,,,,,
PWR,65,742250,4265897,7/26/2016,MR/PE,CEACOR,20,PIPO,2,1,PIPO,3.4,205,PIPO,24.1,84,NA,NA,NA,NA,NA,NA,NA,NA,NA,NA,NA,NA,,,
PWR,65,742250,4265897,7/26/2016,MR/PE,ARCPAT,,CADE,0,2,PILA,5.1,256,PILA,65.2,108,,,,,,,,,,,,,,,
PWR,65,742250,4265897,7/26/2016,MR/PE,CHAFOL,,,,,,,,CADE,144,50,,,,,,,,,,,,,,,
PWR,66,742653,4265915,7/26/2016,MR/PE,CEAINT,20,QUCH,0,1,PIPO,12.5,150,PIPO,74,105,NA,NA,NA,NA,NA,NA,QUCH,9,4.6,2.3,7,10,,,
PWR,66,742653,4265915,7/26/2016,MR/PE,HOLDISC,,QUKE,0,1,,,,PILA,71,143,,,,,,,,,,,,,,,
PWR,66,742653,4265915,7/26/2016,MR/PE,ARCVIS,,,,,,,,CADE,144,160,,,,,,,,,,,,,,,
PWR,66,742653,4265915,7/26/2016,MR/PE,CHAFOL,,,,,,,,,,,,,,,,,,,,,,,,,
PWR,66,742653,4265915,7/26/2016,MR/PE,ARCPAT,,,,,,,,,,,,,,,,,,,,,,,,,
PWR,66,742653,4265915,7/26/2016,MR/PE,CEACOR,,,,,,,,,,,,,,,,,,,,,,,,,
PWR,66,742653,4265915,7/26/2016,MR/PE,PHILEU,,,,,,,,,,,,,,,,,,,,,,,,,
PWR,76,739657,4265621,6/21/2016,MR/PE,CHAFOL,20,PIPO,8,0,PIPO,11.5,1,PILA,10.4,348,NA,NA,NA,QUKE,21.6,144,,,,,,,,,
PWR,76,739657,4265621,6/21/2016,MR/PE,ARCVIS,,PILA,1,0,,,,ABCO,11.5,18,,,,,,,,,,,,,,,
PWR,76,739657,4265621,6/21/2016,MR/PE,CEACOR,,ABCO,1,0,,,,PIPO,8.6,90,,,,,,,,,,,,,,,
PWR,76,739657,4265621,6/21/2016,MR/PE,,,,,,,,,CADE,13.3,52,,,,,,,,,,,,,,,
PWR,80,741823,4265715,6/15/2016,MR/PE/CR,ARCPAT,,PIPO,1,2,PIPO,3.1,292,PIPO,32.6,152,NA,NA,NA,NA,NA,NA,NA,NA,NA,NA,NA,NA,,,
PWR,80,741823,4265715,6/15/2016,MR/PE/CR,CHAFOL,,PILA,1,0,CADE,10.1,64,PILA,23.6,158,,,,,,,,,,,,,,,
PWR,80,741823,4265715,6/15/2016,MR/PE/CR,CEACOR,,CADE,2,3,ABCO,13.7,312,CADE,235,218,,,,,,,,,,,,,,,
PWR,80,741823,4265715,6/15/2016,MR/PE/CR,RIBNEV,,,,,,,,,,,,,,,,,,,,,,,,,
PWR,80,741823,4265715,6/15/2016,MR/PE/CR,SYMMOL,,,,,,,,,,,,,,,,,,,,,,,,,
PWR,80,741823,4265715,6/15/2016,MR/PE/CR,QUEVAC,,,,,,,,,,,,,,,,,,,,,,,,,
PWR,80,741823,4265715,6/15/2016,MR/PE/CR,SALIX sp.,,,,,,,,,,,,,,,,,,,,,,,,,
PWR,81,741864,4265695,6/15/2016,MR/PE/CR,ARCPAT,5,CADE,1,2,PIPO,4.4,84,PIPO,19.5,24,NA,NA,NA,NA,NA,NA,NA,NA,NA,NA,NA,NA,,,
PWR,81,741864,4265695,6/15/2016,MR/PE/CR,ARCVIS,,PIPO,1,0,PILA,12,126,CADE,24.2,354,,,,,,,,,,,,,,,
PWR,81,741864,4265695,6/15/2016,MR/PE/CR,CEACOR,,,,,,,,PILA,46,38,,,,,,,,,,,,,,,
PWR,81,741864,4265695,6/15/2016,MR/PE/CR,CHAFOL,,,,,,,,,,,,,,,,,,,,,,,,,
PWR,81,741864,4265695,6/15/2016,MR/PE/CR,QUEVAC,,,,,,,,,,,,,,,,,,,,,,,,,
PWR,93,738865,4265394,6/8/2016,MR/PE/CR,CEACOR,5,PILA,2,0,PIPO,0.8,92,PILA,20.1,240,QUKE,2.5,180,NA,NA,NA,NA,NA,NA,NA,NA,NA,,,
PWR,93,738865,4265394,6/8/2016,MR/PE/CR,ARCVIS,,PIPO,6,0,,,,PIPO,18.1,124,,,,,,,,,,,,,,,
PWR,93,738865,4265394,6/8/2016,MR/PE/CR,CHAFOL,,,,,,,,,,,,,,,,,,,,,,,,,
PWR,93,738865,4265394,6/8/2016,MR/PE/CR,RIBROE,,,,,,,,,,,,,,,,,,,,,,,,,
PWR,94,739052,4265389,6/8/2016,MR/PE/CR,CHAFOL,5,PIPO,3,0,CADE,0.7,228,PIPO,24.1,306,QUKE,15.5,270,NA,NA,NA,NA,NA,NA,NA,NA,NA,,,
PWR,94,739052,4265389,6/8/2016,MR/PE/CR,CEACOR,,,,,,,,CADE,56,112,,,,,,,,,,,,,,,
PWR,94,739052,4265389,6/8/2016,MR/PE/CR,ARCVIS,,,,,,,,PILA,61.9,88,,,,,,,,,,,,,,,
PWR,95,739265,4265404,6/8/2016,MR/PE/CR,CEAINT,20,PIPO,10,0,CADE,0.5,90,PIPO,3.5,200,NA,NA,NA,NA,NA,NA,NA,NA,NA,NA,NA,NA,,,
PWR,95,739265,4265404,6/8/2016,MR/PE/CR,CHAFOL,,CADE,2,4,,,,CADE,15.9,146,,,,,,,,,,,,,,,
PWR,95,739265,4265404,6/8/2016,MR/PE/CR,CEACOR,,,,,,,,,,,,,,,,,,,,,,,,,
PWR,95,739265,4265404,6/8/2016,MR/PE/CR,RIBROE,,,,,,,,,,,,,,,,,,,,,,,,,
PWR,96,739861,4265424,6/21/2016,MR/PE,CHAFOL,5,PIPO,0,2,PIPO,10.8,90,PIPO,38,290,NA,NA,NA,NA,NA,NA,NA,NA,NA,NA,NA,NA,,,
PWR,96,739861,4265424,6/21/2016,MR/PE,ARCPAT,,CADE,0,1,,,,PILA,94.2,346,,,,,,,,,,,,,,,
PWR,96,739861,4265424,6/21/2016,MR/PE,ARCVIS,,,,,,,,CADE,103,21,,,,,,,,,,,,,,,
PWR,96,739861,4265424,6/21/2016,MR/PE,CEACOR,,,,,,,,,,,,,,,,,,,,,,,,,
PWR,101,741260,4265473,6/15/2016,MR/PE/CR,ARCVIS,,PIPO,4,0,PIPO,3.9,76,PIPO,2.5,164,NA,NA,NA,NA,NA,NA,NA,NA,NA,NA,NA,NA,,,
PWR,101,741260,4265473,6/15/2016,MR/PE/CR,ARCPAT,,CADE,1,0,,,,CADE,15.3,280,,,,,,,,,,,,,,,
PWR,101,741260,4265473,6/15/2016,MR/PE/CR,CHAFOL,,,,,,,,PILA,20.1,550,,,,,,,,,,,,,,,
PWR,101,741260,4265473,6/15/2016,MR/PE/CR,CEACOR,,,,,,,,ABCO,5.21,10,,,,,,,,,,,,,,,
PWR,102,741466,4265482,6/15/2016,MR/PE/CR,ARCPAT,5,PIPO,5,1,PIPO,3.2,162,PIPO,9.3,180,NA,NA,NA,NA,NA,NA,NA,NA,NA,NA,NA,NA,,,
PWR,102,741466,4265482,6/15/2016,MR/PE/CR,QUEVAC,,CADE,0,1,,,,PILA,120,159,,,,,,,,,,,,,,,
PWR,102,741466,4265482,6/15/2016,MR/PE/CR,ARCVIS,,,,,,,,,,,,,,,,,,,,,,,,,
PWR,102,741466,4265482,6/15/2016,MR/PE/CR,CEACOR,,,,,,,,,,,,,,,,,,,,,,,,,
PWR,103,741661,4265489,6/15/2016,MR/PE/CR,CHAFOL,20,PIPO,0,8,PIPO,1.4,228,PIPO,77.0,112,NA,NA,NA,NA,NA,NA,NA,NA,NA,NA,NA,NA,,,
PWR,103,741661,4265489,6/15/2016,MR/PE/CR,CEACOR,,CADE,0,1,CADE,4.4,234,CADE,72.0,324,,,,,,,,,,,,,,,
PWR,103,741661,4265489,6/15/2016,MR/PE/CR,ARCPAT,,,,,,,,PILA,106.7,100,,,,,,,,,,,,,,,
PWR,103,741661,4265489,6/15/2016,MR/PE/CR,ARCVIS,,,,,,,,,,,,,,,,,,,,,,,,,
PWR,103,741661,4265489,6/15/2016,MR/PE/CR,PRUEMA,,,,,,,,,,,,,,,,,,,,,,,,,
PWR,103,741661,4265489,6/15/2016,MR/PE/CR,QUEVAC,,,,,,,,,,,,,,,,,,,,,,,,,
PWR,103,741661,4265489,6/15/2016,MR/PE/CR,ERICAL,,,,,,,,,,,,,,,,,,,,,,,,,
PWR,104,742264,4265532,7/20/2016,MR/PE,ARCVIS,20,QUCH,4,0,PILA,3.1,142,CADE,1.1,136,QUCH,1.1,78,QUCH,4.8,100,NA,NA,NA,NA,NA,NA,,,
PWR,104,742264,4265532,7/20/2016,MR/PE,PRUEMA,,CADE,3,0,CADE,3.2,141,PIPO,2.2,180,,,,QUKE,4.1,180,NA,NA,NA,,,,,,
PWR,104,742264,4265532,7/20/2016,MR/PE,CEAINT,,QUKE,1,0,PIPO,3.3,280,,,,,,,,,,,,,NA,NA,NA,,,
PWR,104,742264,4265532,7/20/2016,MR/PE,CHAFOL,,,,,,,,,,,,,,,,,,,,,,,,,
PWR,105,742470,4265517,7/20/2016,MR/PE,CEAINT,20,PIPO,4,0,PILA,9.4,288,PIPO,12.9,208,NA,NA,NA,QUCH,6,207,NA,NA,NA,NA,NA,NA,,,
PWR,105,742470,4265517,7/20/2016,MR/PE,CHAFOL,,CADE,1,1,,,,CADE,3.0,300,,,,,,,,,,,,,,,
PWR,106,742661,4265511,7/20/2016,MR/PE,CEAINT,20,QUKE,0,3,PIPO,9,228,CADE,70.0,268,NA,NA,NA,NA,NA,NA,NA,NA,NA,NA,NA,NA,,,
PWR,106,742661,4265511,7/20/2016,MR/PE,PRUEMA,,QUCH,0,2,CADE,11.3,238,PIPO,102.0,256,,,,,,,,,,,,,,,
PWR,109,730859,4267933,7/11/2016,MR/PE,CHAFOL,5,QUCH,0,0,PIPO,25.3,302,PIPO,240,160,NA,NA,NA,NA,NA,NA,QUCH,17,8.3,600,4,11,,,
PWR,109,730859,4267933,7/11/2016,MR/PE,CEAINT,,CADE,3,3,,,,,,,,,,,,,,,,,,,,,
PWR,110,731059,4264940,7/11/2016,MR/PE,ARCVIS,5,NA,0,0,PIPO,5.5,160,PIPO,242,143,NA,NA,NA,NA,NA,NA,NA,NA,NA,NA,NA,NA,,,
PWR,110,731059,4264940,7/11/2016,MR/PE,CHAFOL,,,,,,,,,,,,,,,,,,,,,,,,,
PWR,110,731059,4264940,7/11/2016,MR/PE,CEAINT,,,,,,,,,,,,,,,,,,,,,,,,,
PWR,112,733462,4265018,7/19/2016,MR/PE,CORCOR,5,CADE,0,3,CADE,9.2,164,NA,NA,NA,NA,NA,NA,NA,NA,NA,CONU,19,NA,2.3,6,10,,,
PWR,112,733462,4265018,7/19/2016,MR/PE,PRUEMA,,PIPO,0,1,PILA,3.5,164,,,,,,,,,,,,,,,,,,
PWR,112,733462,4265018,7/19/2016,MR/PE,RIBROE,,ABCO,0,1,PIPO,5.1,140,,,,,,,,,,,,,,,,,,
PWR,112,733462,4265018,7/19/2016,MR/PE,CHAFOL,,,,,ABCO,3.1,182,,,,,,,,,,,,,,,,,,
PWR,112,733462,4265018,7/19/2016,MR/PE,ARCPAT,,,,,,,,,,,,,,,,,,,,,,,,,
PWR,112,733462,4265018,7/19/2016,MR/PE,SAMNEG,,,,,,,,,,,,,,,,,,,,,,,,,
PWR,112,733462,4265018,7/19/2016,MR/PE,SALPRO,,,,,,,,,,,,,,,,,,,,,,,,,
PWR,112,733462,4265018,7/19/2016,MR/PE,CEACOR,,,,,,,,,,,,,,,,,,,,,,,,,
PWR,112,733462,4265018,7/19/2016,MR/PE,CEAINT,,,,,,,,,,,,,,,,,,,,,,,,,
PWR,113,733660,4265023,7/19/2016,MR/PE,CORCOR,20,CADE,0,2,PIPO,3,11,NA,NA,NA,NA,NA,NA,NA,NA,NA,NA,NA,NA,NA,NA,NA,,,
PWR,113,733660,4265023,7/19/2016,MR/PE,ARCPAT,,ABCO,0,3,CADE,4.3,30,,,,,,,,,,,,,,,,,,
PWR,113,733660,4265023,7/19/2016,MR/PE,CEAINT,,PIPO,0,3,,,,,,,,,,,,,,,,,,,,,
PWR,113,733660,4265023,7/19/2016,MR/PE,RIBROE,,,,,,,,,,,,,,,,,,,,,,,,,
PWR,120,739069,4265199,6/13/2016,MR/PE/CR,CHAFOL,10,PIPO,3,0,PIPO,3.2,154,PIPO,11.5,280,QUKE,2.6,70,QUCH,4.3,210,NA,NA,NA,NA,NA,NA,,,
PWR,120,739069,4265199,6/13/2016,MR/PE/CR,ARCVIS,,CADE,1,0,PILA,3.3,138,CADE,8,350,,,,,,,,,,,,,,,
PWR,120,739069,4265199,6/13/2016,MR/PE/CR,ARCPAT,,QUCH,3,0,,,,PILA,37.1,0,,,,,,,,,,,,,,,
PWR,121,739266,4265211,6/8/2016,MR/PE/CR,ARCVIS,5,PIPO,4,1,NA,NA,NA,PIPO,23.2,238,NA,NA,NA,NA,NA,NA,QUCH,11,NA,250,17,12,,,
PWR,121,739266,4265211,6/8/2016,MR/PE/CR,CHAFOL,,,,,,,,PILA,44.1,188,,,,,,,,,,,,,,,
PWR,128,742249,4265324,7/21/2016,MR/PE,CEAINT,20,PIPO,1,0,PIPO,0.9,25,PIPO,6.3,142,QUCH,1,88,QUCH,8.3,302,QUCH,15,NA,180,4,10,,,
PWR,128,742249,4265324,7/20/2016,MR/PE,ARCVIS,,QUCH,4,2,PILA,3.8,92,CADE,16.8,86,,,,,,,QUCH,7,NA,140,6,10,,,
PWR,128,742249,4265324,7/20/2016,MR/PE,,,CADE,1,0,,,,,,,,,,,,,,,,,,,,,
PWR,128,742249,4265324,7/20/2016,MR/PE,,,,,,,,,,,,,,,,,,,,,,,,,,
PWR,143,738671,4264989,7/18/2016,MR/PE,CHAFOL,20,PIPO,0,1,PIPO,6,309,PIPO,109.0,208,NA,NA,NA,NA,NA,NA,NA,NA,NA,NA,NA,NA,,,
PWR,143,738671,4264989,7/26/2016,MR/PE,ARCPAT,,CADE,0,3,,,,,,,,,,,,,,,,,,,,,
PWR,143,738671,4264989,7/26/2016,MR/PE,ARCVIS,,QUCH,0,5,,,,,,,,,,,,,,,,,,,,,
PWR,144,738872,4264999,7/7/2016,MR/PE,CHAFOL,5,PIPO,0,2,NA,NA,NA,CADE,60,180,NA,NA,NA,NA,NA,NA,NA,NA,NA,NA,NA,NA,,,
PWR,144,738872,4264999,7/7/2016,MR/PE,ARCVIS,,CADE,0,2,,,,PIPO,49,224,,,,,,,,,,,,,,,
PWR,144,738872,4264999,7/7/2016,MR/PE,ARCPAT,,QUCH,2,2,,,,,,,,,,,,,,,,,,,,,
PWR,145,739073,4265001,7/7/2016,MR/PE,CHAFOL,20,PIPO,0,3,PIPO,7.2,263,PIPO,114,342,NA,NA,NA,NA,NA,NA,QUCH,6,NA,3,6,11,,,
PWR,145,739073,4265001,7/7/2016,MR/PE,CEAINT,,,,,,,,,,,,,,,,,QUCH,10,NA,3.1,8,11,,,
PWR,145,739073,4265001,7/7/2016,MR/PE,PRUEMA,,,,,,,,,,,,,,,,,,,,,,,,,
PWR,146,739273,4265005,7/7/2016,MR/PE,CHAFOL,10,PIPO,0,1,PIPO,15.4,240,PIPO,98,352,NA,NA,NA,NA,NA,NA,QUCH,5,NA,4.6,8,10,,,
PWR,146,739273,4265005,7/7/2016,MR/PE,ARCVIS,,QUCH,0,3,,,,,,,,,,,,,QUCH,7,NA,3.2,6,10,,,
PWR,146,739273,4265005,7/7/2016,MR/PE,CEAINT,,,,,,,,,,,,,,,,,QUCH,10,NA,3.5,5,10,,,
PWR,146,739273,4265005,7/7/2016,MR/PE,,,,,,,,,,,,,,,,,,QUCH,4,NA,4,6,10,,,
PWR,158,733868,4264632,6/28/2016,MR/PE/CR,CEAINT,20,PIPO,1,0,CADE,3.9,302,PIPO,113,262,NA,NA,NA,NA,NA,NA,NA,NA,NA,NA,NA,NA,,,
PWR,158,733868,4264632,6/28/2016,MR/PE/CR,ARCVIS,,ABCO,4,4,PIPO,4.5,174,CADE,155,284,,,,,,,,,,,,,,,
PWR,158,733868,4264632,6/28/2016,MR/PE/CR,SALLEM,,,,,,,,PILA,319,280,,,,,,,,,,,,,,,
PWR,158,733868,4264632,6/28/2016,MR/PE/CR,CEACOR,,,,,,,,,,,,,,,,,,,,,,,,,
PWR,158,733868,4264632,6/28/2016,MR/PE/CR,RIBROE,,,,,,,,,,,,,,,,,,,,,,,,,
PWR,158,733868,4264632,6/28/2016,MR/PE/CR,ARCPAT,,,,,,,,,,,,,,,,,,,,,,,,,
PWR,159,734681,4264657,6/28/2016,MR/PE/CR,RIBROE,20,PIPO,0,3,PIPO,1.1,90,CADE,8.9,182,NA,NA,NA,NA,NA,NA,NA,NA,NA,NA,NA,NA,,,
PWR,159,734681,4264657,6/28/2016,MR/PE/CR,CHAFOL,,CADE,1,0,CADE,1.7,290,PIPO,17.6,267,,,,,,,,,,,,,,,
PWR,159,734681,4264657,6/28/2016,MR/PE/CR,,,,,,ABCO,6,0,PILA,70.1,49,,,,,,,,,,,,,,,
PWR,179,733476,4264419,7/19/2016,MR/PE,CEAINT,5,PIPO,1,2,CADE,0.8,168,PIPO,203.0,100,NA,NA,NA,NA,NA,NA,NA,NA,NA,NA,NA,NA,,,
PWR,179,733476,4264419,7/19/2016,MR/PE,CEACOR,,,,,PIPO,3.5,168,CADE,202.0,120,,,,,,,,,,,,,,,
PWR,179,733476,4264419,7/19/2016,MR/PE,ARCVIS,,,,,,,,PILA,258.0,150,,,,,,,,,,,,,,,
PWR,179,733476,4264419,7/19/2016,MR/PE,RIBROE,,,,,,,,,,,,,,,,,,,,,,,,,
PWR,187,737485,4264549,7/6/2016,MR/PE,CHAFOL,10,CADE,0,2,NA,NA,NA,PIPO,18.2,167,NA,NA,NA,NA,NA,NA,QUKE,8,NA,1.8,10,8,,,
PWR,187,737485,4264549,7/6/2016,MR/PE,CEAINT,,ABCO,0,1,,,,PILA,65.7,170,,,,,,,QUCH,11,4.8,2.8,8,11,,,
PWR,187,737485,4264549,7/6/2016,MR/PE,ARCVIS,,PIPO,0,1,,,,CADE,48,197,,,,,,,,,,,,,,,
PWR,187,737485,4264549,7/6/2016,MR/PE,RIBROE,,,,,,,,ABCO,68,81,,,,,,,,,,,,,,,
PWR,188,738691,4264589,7/18/2016,MR/PE,CHAFOL,20,PIPO,0,4,PIPO,1.9,158,PIPO,62.9,110,NA,NA,NA,NA,NA,NA,QUKE,10,5,3.5,7,11,,,
PWR,188,738691,4264589,7/18/2016,MR/PE,CEACOR,,CADE,0,1,,,,PILA,62.6,109,,,,,,,QUCH,11,NA,2.9,6,11,,,
PWR,188,738691,4264589,7/18/2016,MR/PE,SAMNEG,,,,,,,,,,,,,,,,,,,,,,,,,
PWR,188,738691,4264589,7/18/2016,MR/PE,ARCVIS,,,,,,,,,,,,,,,,,,,,,,,,,
PWR,188,738691,4264589,7/18/2016,MR/PE,CEAINT,,,,,,,,,,,,,,,,,,,,,,,,,
PWR,188,738691,4264589,7/18/2016,MR/PE,MAHAQU,,,,,,,,,,,,,,,,,,,,,,,,,
PWR,189,738885,4264606,7/18/2016,MR/PE,CHAFOL,20,PIPO,4,0,CADE,16.3,309,PIPO,7.2,46,QUCH,36.6,180,NA,NA,NA,NA,NA,NA,NA,NA,NA,,,
PWR,189,738885,4264606,7/18/2016,MR/PE,ARCVIS,,CADE,1,0,PIPO,4.1,231,CADE,22.3,170,,,,,,,,,,,,,,,
PWR,189,738885,4264606,7/18/2016,MR/PE,CEAINT,,,,,,,,,,,,,,,,,,,,,,,,,
PWR,193,730291,4264120,7/26/2016,MR/PE,CHAFOL,20,PIPO,1,0,PIPO,10.4,170,PIPO,4.8,QUCH,4.7,346,NA,NA,NA,NA,NA,NA,NA,NA,NA,NA,,,
PWR,193,730291,4264120,7/26/2016,MR/PE,CEAINT,,CADE,2,4,CADE,11,30,CADE,9.3,QUKE,26.9,313,,,,,,,,,,,,,
PWR,193,730291,4264120,7/26/2016,MR/PE,RIBROE,,,,,,,,PILA,69.9,,,,,,,,,,,,,,,,
PWR,193,730291,4264120,7/26/2016,MR/PE,,,,,,,,,,,,,,,,,,,,,,,,,,
PWR,193,730291,4264120,7/26/2016,MR/PE,,,,,,,,,,,,,,,,,,,,,,,,,,
PWR,194,734693,4264260,7/12/2016,MR/PE,CHAFOL,20,PIPO,2,2,PIPO,2.4,246,PIPO,19,80,NA,NA,NA,NA,NA,NA,NA,NA,NA,NA,NA,NA,,,
PWR,194,734693,4264260,7/13/2016,MR/PE,ARCVIS,,CADE,1,0,PILA,15.4,74,CADE,29.5,322,,,,,,,,,,,,,,,
PWR,194,734693,4264260,7/14/2016,MR/PE,ARCPAT,,QUKE,0,1,,,,,,,,,,,,,,,,,,,,,
PWR,195,734888,4264261,7/12/2016,MR/PE,CHAFOL,5,PIPO,0,4,PIPO,2.2,257,PIPO,53,116,NA,NA,NA,NA,NA,NA,NA,NA,NA,NA,NA,NA,,,
PWR,195,734888,4264261,7/12/2016,MR/PE,ARCVIS,,,,,,,,,,,,,,,,,,,,,,,,,
PWR,195,734888,4264261,7/12/2016,MR/PE,ARCPAT,,,,,,,,,,,,,,,,,,,,,,,,,
PWR,198,735670,4264279,7/21/2016,MR/PE,CEACOR,10,PIPO,6,1,PIPO,2.1,54,PIPO,8.2,31,QUKE,5.2,56,NA,NA,NA,QUCH,7,4.8,350,4,11,,,
PWR,198,735670,4264279,7/21/2016,MR/PE,CHAFOL,,,,,PILA,15.1,94,,,,,,,,,,QUCH,3,6.9,450,3,11,,,
PWR,198,735670,4264279,7/21/2016,MR/PE,ARCVIS,,,,,,,,,,,,,,,,,QUCH,5,NA,280,2,9,,,
PWR,198,735670,4264279,7/21/2016,MR/PE,,,,,,,,,,,,,,,,,,,,,,,,,,
PWR,198,735670,4264279,7/21/2016,MR/PE,,,,,,,,,,,,,,,,,,,,,,,,,,
PWR,198,735670,4264279,7/21/2016,MR/PE,,,,,,,,,,,,,,,,,,,,,,,,,,
PWR,207,734895,4264065,7/12/2016,MR/PE,CHAFOL,20,PIPO,7,0,PIPO,9.4,123,PIPO,4.6,17,QUKE,5.7,59,QUKE,17.6,77,NA,NA,NA,NA,NA,NA,,,
PWR,207,734895,4264065,7/12/2016,MR/PE,RIBROE,,,,,,,,CADE,19.1,300,,,,,,,,,,,,,,,
PWR,212,737113,4264136,6/14/2016,MR/PE/CR,CHAFOL,5,PIPO,2,2,PIPO,11.4,140,PIPO,5.6,154,NA,NA,NA,QUKE,36,68,NA,NA,NA,NA,NA,NA,,,
PWR,212,737113,4264136,6/14/2016,MR/PE/CR,ARCVIS,,,,,,,,,,,,,,QUCH,57.9,70,,,,,,,,,
PWR,212,737113,4264136,6/14/2016,MR/PE/CR,CEAINT,,,,,,,,,,,,,,,,,,,,,,,,,
PWR,212,737113,4264136,6/14/2016,MR/PE/CR,RIBROE,,,,,,,,,,,,,,,,,,,,,,,,,
PWR,219,735707,4263887,7/21/2016,MR/PE,CHAFOL,20,PIPO,3,0,PIPO,5.5,114,PIPO,27,114,NA,NA,NA,NA,NA,NA,QUCH,4,NA,400,2,10,,,
PWR,219,735707,4263887,7/21/2016,MR/PE,ARCVIS,,QUCH,0,2,,,,CADE,29,77,,,,,,,QUCH,6,NA,180,3,8,,,
PWR,219,735707,4263887,7/21/2016,MR/PE,CEAINT,,,,,,,,,,,,,,,,,,,,,,,,,
PWR,222,737109,4263942,6/14/2016,MR/PE/CR,CEAINT,5,CADE,0,2,PIPO,3.6,22,PIPO,48.2,126,QUKE,2.9,262,QUKE,25.5,48,NA,NA,NA,NA,NA,NA,,,
PWR,222,737109,4263942,6/14/2016,MR/PE/CR,ARCVIS,,,,,,,,CADE,53.2,146,,,,,,,,,,,,,,,
PWR,222,737109,4263942,6/14/2016,MR/PE/CR,CHAFOL,,,,,,,,,,,,,,,,,,,,,,,,,
PWR,223,737313,4263947,6/14/2016,MR/PE/CR,CHAFOL,5,CADE,1,0,NA,NA,NA,CADE,9.8,228,QUCH,31.5,70,NA,NA,NA,NA,NA,NA,NA,NA,NA,,,
PWR,223,737313,4263947,6/14/2016,MR/PE/CR,ARCVIS,,PIPO,0,2,,,,PIPO,28.2,12,QUKE,19.9,232,,,,,,,,,,,,
PWR,223,737313,4263947,6/14/2016,MR/PE/CR,CEAINT,,QUKE,0,1,,,,PILA,30.9,232,,,,,,,,,,,,,,,
PWR,226,731883,4263579,6/27/2016,MR/PE/CR,CHAFOL,10,PIPO,1,2,CADE,13.4,82,PIPO,10.4,238,NA,NA,NA,NA,NA,NA,NA,NA,NA,NA,NA,NA,,,
PWR,226,731883,4263579,6/27/2016,MR/PE/CR,CEAINT,,CADE,0,1,,,,PILA,106,230,,,,,,,,,,,,,,,
PWR,226,731883,4263579,6/27/2016,MR/PE/CR,ARCPAT,,QUKE,0,1,,,,CADE,33.3,164,,,,,,,,,,,,,,,
PWR,226,731883,4263579,6/27/2016,MR/PE/CR,ARCVIS,,,,,,,,,,,,,,,,,,,,,,,,,
PWR,227,733311,4263634,6/16/2016,MR/PE/CR,CEAINT,20,PIPO,0,1,ABCO,1.5,18,PILA,4.8,286,NA,NA,NA,NA,NA,NA,NA,NA,NA,NA,NA,NA,,,
PWR,227,733311,4263634,6/16/2016,MR/PE/CR,RIBROE,,ABCO,0,1,CADE,0.5,40,CADE,3.1,17,,,,,,,,,,,,,,,
PWR,227,733311,4263634,6/16/2016,MR/PE/CR,CHAFOL,,CADE,2,0,PIPO,0.5,115,ABCO,11.7,282,,,,,,,,,,,,,,,
PWR,227,733311,4263634,6/16/2016,MR/PE/CR,,,PILA,4,1,PILA,1.9,346,PIPO,33.8,264,,,,,,,,,,,,,,,
PWR,238,731522,4263352,7/11/2016,MR/PE,CHAFOL,10,PIPO,4,4,PIPO,1,270,ABCO,17.6,90,QUKE,22,180,NA,NA,NA,NA,NA,NA,NA,NA,NA,,,
PWR,238,731522,4263352,7/11/2016,MR/PE,RIBROE,,,,,CADE,3.1,61,CADE,30.5,292,,,,,,,,,,,,,,,
PWR,238,731522,4263352,7/11/2016,MR/PE,,,,,,ABCO,4.1,115,PIPO,16.1,330,,,,,,,,,,,,,,,
PWR,238,731522,4263352,7/11/2016,MR/PE,,,,,,,,,PILA,30.9,210,,,,,,,,,,,,,,,
PWR,245,735905,4263502,7/21/2016,MR/PE,CHAFOL,20,PIPO,1,0,PIPO,40,170,PIPO,50,55,NA,NA,NA,QUCH,30.1,120,QUCH,12,4.7,5,12,,,,
PWR,245,735905,4263502,7/21/2016,MR/PE,CEAINT,,QUCH,1,0,,,,CADE,60,57,,,,,,,QUCH,15,5.4,4,12,,,,
PWR,245,735905,4263502,7/21/2016,MR/PE,PRUEMA,,,,,,,,,,,,,,,,,,,,,,,,,
PWR,245,735905,4263502,7/21/2016,MR/PE,TOXDIV,,,,,,,,,,,,,,,,,,,,,,,,,
PWR,245,735905,4263502,7/21/2016,MR/PE,SALPRO,,,,,,,,,,,,,,,,,,,,,,,,,
PWR,255,734931,4263068,6/22/2016,MR/PE,CHAFOL,5,PIPO,5,0,PIPO,0.9,180,PIPO,4,90,NA,NA,NA,QUKE,14.9,313,QUCH,6,NA,2.6,15,10,,,
PWR,255,734931,4263068,6/22/2016,MR/PE,ARCVIS,,,,,PILA,10.2,25,CADE,15.4,314,,,,QUCH,13.3,8,QUCH,4,NA,1.4,10,6,,,
PWR,255,734931,4263068,6/22/2016,MR/PE,,,,,,CADE,9,264,,,,,,,,,,QUCH,10,NA,12,12,12,,,
PWR,259,736778,4263133,6/14/2016,MR/PE/CR,CEAINT,5,QUKE,0,2,CADE,6.1,126,PIPO,55,134,NA,NA,NA,NA,NA,NA,NA,NA,NA,NA,NA,NA,,,
PWR,259,736778,4263133,6/14/2016,MR/PE/CR,CHAFOL,,CADE,0,2,,,,,,,,,,,,,,,,,,,,,
PWR,259,736778,4263133,6/14/2016,MR/PE/CR,ARCVIS,,,,,,,,,,,,,,,,,,,,,,,,,
PWR,260,736938,4263137,6/9/2016,MR/PE/CR,CHAFOL,20,PIPO,6,0,PIPO,15.1,8,PIPO,4.6,198,QUKE,92,78,QUCH,19.2,10,NA,NA,NA,NA,NA,NA,,,
PWR,260,736938,4263137,6/9/2016,MR/PE/CR,ARCVIS,,CADE,3,0,PILA,15.9,14,CADE,7.9,300,,,,,,,,,,,,,,,
PWR,260,736938,4263137,6/9/2016,MR/PE/CR,CEAINT,,,,,CADE,14,24,,,,,,,,,,,,,,,,,,
PWR,266,734934,4262866,6/22/2016,MR/PE,CHAFOL,5,PIPO,1,1,NA,NA,NA,PIPO,12,301,NA,NA,NA,QUCH,13.4,303,NA,NA,NA,NA,NA,NA,,,
PWR,266,734934,4262866,6/22/2016,MR/PE,ARCVIS,,QUCH,0,4,,,,,,,,,,,,,,,,,,,,,
PWR,266,734934,4262866,6/22/2016,MR/PE,RIBROE,,,,,,,,,,,,,,,,,,,,,,,,,
PWR,266,734934,4262866,6/22/2016,MR/PE,CEAINT,,,,,,,,,,,,,,,,,,,,,,,,,
PWR,274,734943,4262664,6/22/2016,MR/PE,CHAFOL,5,CADE,1,1,CADE,9.4,170,PIPO,19,92,NA,NA,NA,QUCH,10.1,342,NA,NA,NA,NA,NA,NA,,,
PWR,274,734943,4262664,6/22/2016,MR/PE,TOXDIV,,PIPO,3,1,,,,CADE,19,40,,,,,,,,,,,,,,,
PWR,274,734943,4262664,6/22/2016,MR/PE,ARCVIS,,,,,,,,,,,,,,,,,,,,,,,,,
PWR,274,734943,4262664,6/22/2016,MR/PE,CEAINT,,,,,,,,,,,,,,,,,,,,,,,,,
PWR,274,734943,4262664,6/22/2016,MR/PE,PRUEMA,,,,,,,,,,,,,,,,,,,,,,,,,
PWR,277,734945,4262470,6/22/2016,MR/PE,ARCVIS,10,PIPO,3,2,CADE,3.1,260,PIPO,15.2,155,QUKE,4.4,217,QUCH,7.6,90,NA,NA,NA,NA,NA,NA,,,
PWR,277,734945,4262470,6/22/2016,MR/PE,,,CADE,1,0,,,,CADE,15.6,208,,,,QUKE,15,0,,,,,,,,,
PWR,292,734072,4265923,7/19/2016,MR/PE,CEAINT,,ABCO,6,1,PILA,1.3,138,PIPO,46.4,305,,,,,,,,,,,,,,,
PWR,292,734072,4265923,7/19/2016,MR/PE,CEACOR,,CADE,1,0,ABCO,1.8,121,ABCO,2,324,,,,,,,,,,,,,,,
PWR,292,734072,4265923,7/19/2016,MR/PE,RIBROE,,PILA,1,0,CADE,0.1,140,PILA,19.5,251,,,,,,,,,,,,,,,
PWR,292,734072,4265923,7/19/2016,MR/PE,ARCVIS,,PIPO,2,0,,,,,,,,,,,,,,,,,,,,,
PWR,301,737220,4263275,7/6/2016,MR/PE,CHAFOL,20,PIPO,4,0,PIPO,7,334,PIPO,2.6,49,NA,NA,NA,QUKE,17.6,190,NA,NA,NA,NA,NA,NA,,,
PWR,301,737220,4263275,7/6/2016,MR/PE,ARCVIS,,,,,CADE,14.7,184,,,,,,,,,,,,,,,,,,
PWR,309,733867,4266110,7/14/2016,MR/PE,ROSBRI,20,ABCO,2,0,PILA,0.9,146,CADE,1.8,300,NA,NA,NA,NA,NA,NA,NA,NA,NA,NA,NA,NA,,,
PWR,309,733867,4266110,7/14/2016,MR/PE,RIBROE,,PILA,2,0,CADE,0.7,180,ABCO,3.2,140,,,,,,,,,,,,,,,
PWR,309,733867,4266110,7/14/2016,MR/PE,CEACOR,,CADE,3,0,ABCO,1.4,0,PILA,5.8,106,,,,,,,,,,,,,,,
PWR,309,733867,4266110,7/14/2016,MR/PE,CEAINT,,,,,,,,,,,,,,,,,,,,,,,,,
PWR,569,740060,4268500,7/14/2016,MR/PE,QUEVAC,20,ABCO,4,0,PILA,1.3,230,ABCO,15,177,NA,NA,NA,NA,NA,NA,NA,NA,NA,NA,NA,NA,,,
PWR,569,740060,4268500,7/14/2016,MR/PE,ARCNEV,,PILA,0,1,CADE,1.3,230,PIJE,18,210,,,,,,,,,,,,,,,
PWR,569,740060,4268500,7/14/2016,MR/PE,HOLDIS,,PIJE,0,1,ABCO,1.3,216,CADE,26,210,,,,,,,,,,,,,,,
PWR,569,740060,4268500,7/14/2016,MR/PE,SORCAL,,,,,PIJE,1.4,216,PILA,63,275,,,,,,,,,,,,,,,
PWR,571,740467,4268508,7/14/2016,MR/PE,ARCNEV,5,ABCO,1,0,PIJE,4.9,0,PIJE,6.3,186,NA,NA,NA,NA,NA,NA,NA,NA,NA,NA,NA,NA,,,
PWR,571,740467,4268508,7/14/2016,MR/PE,ARCPAT,,PIJE,4,2,ABCO,2.4,0,ABCO,12.1,170,,,,,,,,,,,,,,,
PWR,571,740467,4268508,7/14/2016,MR/PE,QUEVAC,,,,,CADE,6.3,0,PILA,11.9,64,,,,,,,,,,,,,,,
PWR,571,740467,4268508,7/14/2016,MR/PE,,,,,,PILA,4.8,202,CADE,46,59,,,,,,,,,,,,,,,
PWR,572,740667,4268504,7/14/2016,MR/PE,QUEVAC,20,ABCO,4,4,PILA,1.8,88,PIJE,4.7,240,NA,NA,NA,NA,NA,NA,NA,NA,NA,NA,NA,NA,,,
PWR,572,740667,4268504,7/14/2016,MR/PE,CHRSEM,,PIJE,1,0,ABCO,3,129,ABCO,1.1,218,,,,,,,,,,,,,,,
PWR,572,740667,4268504,7/14/2016,MR/PE,SYMMOL,,,,,CADE,13.5,296,CADE,12.3,277,,,,,,,,,,,,,,,
PWR,572,740667,4268504,7/14/2016,MR/PE,ARCNEV,,,,,,,,PILA,21,74,,,,,,,,,,,,,,,
PWR,61615,751411,4263523,6/16/2015,CR/JM/MS/RJ,ARCPAT,NA,0,0,ABCO,41.8,84,CADE,58.9,106,NA,NA,NA,SA,11.4,14,NA,0,0,0,,,,,,
PWR,61615,751411,4263523,6/16/2015,CR/JM/MS/RJ,ARCPAT,,,,PIJE,15.6,150,PIJE,39,146,,,,,,,,,,,,,,,,
PWR,61615,751411,4263523,6/16/2015,CR/JM/MS/RJ,CECO,,,,,,,PILA,22.7,88,,,,,,,,,,,,,,,,
PWR,103C,737855,4262527,6/20/2016,MR/PE/CR,CHAFOL,20,QUCH,1,0,PIPO,0.1,170,,,,,,,,,,,,,,,,,,
PWR,103C,737855,4262527,6/20/2016,MR/PE/CR,ARCVIS,,QUKE,2,0,CADE,2.8,26,CADE,3.8,90,QUCH,1.1,59,QUKE,3.9,4,NA,NA,NA,NA,NA,NA,,,
PWR,103C,737855,4262527,6/20/2016,MR/PE/CR,,,CADE,1,0,PILA,0.9,60,PIPO,11.3,38,,,,QUCH,7.6,80,,,,,,,,,
PWR,103C,737855,4262527,6/20/2016,MR/PE/CR,,,PIPO,0,1,ABCO,1.1,10,,,,,,,,,,,,,,,,,,
PWR,103C,737855,4262527,6/20/2016,MR/PE/CR,,,,,,PSME,1.4,170,CADE,0.6,252,QUCH,3.3,168,NA,NA,NA,NA,NA,NA,NA,NA,NA,,,
PWR,112C,738051,4262701,6/20/2016,MR/PE/CR,NA,20,PIPO,7,0,CADE,0.75,312,PIPO,4,262,QUKE,3.3,197,QUCH,7.5,214,NA,NA,NA,NA,NA,NA,,,
PWR,112C,738051,4262701,6/20/2016,MR/PE/CR,,,CADE,1,0,PILA,2.4,138,CADE,14.5,4,QUCH,12.2,302,,,,,,,,,,,,
PWR,112C,738051,4262701,6/20/2016,MR/PE/CR,,,QUCH,1,0,PIPO,3.3,98,,,,,,,,,,,,,,,,,,
PWR,291C,738057,4262509,6/7/2016,MR/PE/CR,NA,20,PIPO,7,1,PILA,5.2,14,CADE,1.2,218,QUCH,0.9,158,QUCH,1.9,346,NA,NA,NA,NA,NA,NA,,,
PWR,291C,738057,4262509,6/7/2016,MR/PE/CR,,,CADE,7,0,ABCO,0.1,340,ABCI,20.5,300,QUKE,1,220,,,,,,,,,,,,
PWR,291C,738057,4262509,6/7/2016,MR/PE/CR,,,QUCH,1,0,CADE,0.4,182,PIPO,4.4,244,,,,,,,,,,,,,,,
PWR,291C,738057,4262509,6/7/2016,MR/PE/CR,,,,,,PIPO,11.2,268,,,,,,,,,,,,,,,,,,
PWR,298C,730605,4261853,7/5/2016,MR/PE,CHAFOL,20,PIPO,6,0,PIPO,5.1,48,PIPO,2.3,88,QUKE,0.3,0,QUKE,0.7,217,NA,NA,NA,NA,NA,NA,,,
PWR,298C,730605,4261853,7/5/2016,MR/PE,,,QUKE,4,0,,,,,,,,,,,,,,,,,,,,,
PWR,299C,729307,4262581,6/9/2016,MR/PE/CR,CHAFOL,20,PIPO,4,0,CADE,0.14,108,PIPO,2.7,348,QUKE,9.7,162,NA,NA,NA,NA,NA,NA,NA,NA,NA,,,
PWR,299C,729307,4262581,6/9/2016,MR/PE/CR,CEAINT,,CADE,2,0,PIPO,0.35,128,CADE,9.5,244,,,,,,,,,,,,,,,
PWR,299C,729307,4262581,6/9/2016,MR/PE/CR,RIBROE,,,,,,,,,,,,,,,,,,,,,,,,,
PWR,716A,737307,4264135,7/6/2016,MR/PE,CHAFOL,20,PIPO,3,0,PIPO,2.2,127,PIPO,3.3,300,QUCH,2,215,QUKE,4.8,0,,,,,,,,,
PWR,716A,737307,4264135,7/6/2016,MR/PE,CEAINT,,QUKE,1,0,CADE,7.4,194,CADE,6.2,178,,,,QUCH,11,214,,,,,,,,,
PWR,716A,737307,4264135,7/6/2016,MR/PE,SALSCO,,CADE,4,0,,,,PILA,33,117,,,,,,,,,,,,,,,
PWR,716A,737307,4264135,7/6/2016,MR/PE,PRUEMA,,,,,,,,,,,,,,,,,,,,,,,,,
PWR,716A,737307,4264135,7/6/2016,MR/PE,RHOOCC,,,,,,,,,,,,,,,,,,,,,,,,,
PWR,716C,737866,4264772,7/6/2016,MR/PE,CHAFOL,10,PIPO,4,0,PIPO,5.1,283,PIPO,11.9,4,NA,NA,NA,QUKE,22.5,154,NA,NA,NA,NA,NA,NA,,,
PWR,716C,737866,4264772,7/6/2016,MR/PE,CEAINT,,CADE,2,0,PILA,5,89,CADE,13.5,267,,,,,,,,,,,,,,,
PWR,716C,737866,4264772,7/6/2016,MR/PE,SYMMOL,,QUCH,1,0,CADE,13,277,PILA,52.7,250,,,,,,,,,,,,,,,
PWR,716C,737866,4264772,7/6/2016,MR/PE,RIBROE,20,PIPO,1,2,PILA,0.4,58,PILA,6.6,284,QUCH,3.2,239,QUCH,52,178,NA,NA,NA,NA,NA,NA,,,
PWR,716C,737866,4264772,7/6/2016,MR/PE,CHAFOL,,PILA,2,3,CADE,0.6,268,PIPO,4.5,72,,,,QUKE,32,240,,,,,,,,,
PWR,716C,737866,4264772,7/6/2016,MR/PE,CEAINT,,,,,PIPO,2.2,187,ABCO,92.5,58,,,,,,,,,,,,,,,
PWR,716C,737866,4264772,7/6/2016,MR/PE,,,,,,,,,CADE,14.3,72,,,,,,,,,,,,,,,
PWR,716D,737866,4264300,7/6/2016,MR/PE,ARCVIS,20,PIPO,3,0,PIPO,4.2,142,PIPO,7.7,166,NA,NA,NA,QUKE,27,317,NA,NA,NA,NA,NA,NA,,,
PWR,716D,737866,4264300,7/6/2016,MR/PE,CHAFOL,,CADE,0,1,,,,PILA,43.9,10,NA,,,QUCH,19,207,,,,,,,,,
PWR,716D,737866,4264300,7/6/2016,MR/PE,,,QUCH,0,3,,,,CADE,45.2,7,,,,,,,,,,,,,,,
PWR,717A,734300,4263834,7/12/2016,MR/PE,RIBROE,20,ABCO,0,1,CADE,0.5,2,CADE,1.7,125,ALRH,4.4,126,ALRH,8.6,9,NA,NA,NA,NA,NA,NA,,,
PWR,717A,734300,4263834,7/12/2016,MR/PE,SALLIG,,CADE,3,1,ABCO,1.1,4,PILA,20,356,,,,,,,,,,,,,,,
PWR,717A,734300,4263834,7/12/2016,MR/PE,CEAINT,,,,,PILA,3.3,124,ABCO,14.5,268,,,,,,,,,,,,,,,
PWR,717A,734300,4263834,7/12/2016,MR/PE,,,,,,,,,PIPO,30,10,,,,,,,,,,,,,,,
PWR,71A,733101,4263645,6/16/2016,MR/PE/CR,CHAFOL,20,ABCO,6,0,CADE,0.3,292,PIPO,28,76,NA,NA,NA,NA,NA,NA,NA,NA,NA,NA,NA,NA,,,
PWR,71A,733101,4263645,6/16/2016,MR/PE/CR,CEACOR,,CADE,1,3,PIPO,2,15,CADE,20.1,309,,,,,,,,,,,,,,,
PWR,71A,733101,4263645,6/16/2016,MR/PE/CR,CEAINT,,,,,PILA,1.3,63,PILA,32.7,202,,,,,,,,,,,,,,,
PWR,71A,733101,4263645,6/16/2016,MR/PE/CR,RIBROE,,,,,,,,ABCO,4.4,358,,,,,,,,,,,,,,,
PWR,71B,732909,4263624,6/16/2016,MR/PE/CR,ARCPAT,5,PIPO,3,0,ABCO,2,122,PIPO,30.9,182,NA,NA,NA,NA,NA,NA,NA,NA,NA,NA,NA,NA,"Plot heavily managed since last visit, lots of downed trees, needle litter covering regen",,
PWR,71B,732909,4263624,6/16/2016,MR/PE/CR,RIBROE,,,,,CADE,1.9,314,ABCO,36,158,,,,,,,,,,,,,,,
PWR,71B,732909,4263624,6/16/2016,MR/PE/CR,CEACOR,,,,,PIPO,4.4,356,PILA,31.2,162,,,,,,,,,,,,,,,
PWR,71B,732909,4263624,6/16/2016,MR/PE/CR,CHAFOL,,,,,,,,CADE,35.8,152,,,,,,,,,,,,,,,
PWR,71C,732712,4263621,6/16/2016,MR/PE/CR,CHAFOL,5,PIPO,5,0,PIPO,1.6,272,CADE,17,90,QUKE,NA,NA,QUKE,20,32,NA,NA,NA,NA,NA,NA,,,
PWR,71C,732712,4263621,6/16/2016,MR/PE/CR,RIBROE,,,,,CADE,4,0,ABCO,44.3,162,3.3,,,,,,,,,,,,,,
PWR,71C,732712,4263621,6/16/2016,MR/PE/CR,CEACOR,,,,,,,,PIPO,201,201,216,,,,,,,,,,,,,,
PWR,71C,732712,4263621,6/16/2016,MR/PE/CR,ARCPAT,,,,,,,,,,,,,,,,,,,,,,,,,
PWR,72A,731681,4263576,6/27/2016,MR/PE/CR,CHAFOL,20,PIPO,5,0,CADE,0.1,0,PIPO,6.6,101,NA,NA,NA,QUKE,10.1,180,NA,NA,NA,NA,NA,NA,,,
PWR,72A,731681,4263576,6/27/2016,MR/PE/CR,ARCPAT,,CADE,4,1,PIPO,1,133,CADE,6.5,205,,,,,,,,,,,,,,,
PWR,72A,731681,4263576,6/27/2016,MR/PE/CR,CEAINT,,,,,PILA,1.9,180,ABCO,68.8,11,,,,,,,,,,,,,,,
PWR,72A,731681,4263576,6/27/2016,MR/PE/CR,RIBROE,,,,,ABCO,1.9,238,PILA,106.5,160,,,,,,,,,,,,,,,
PWR,72B,731483,4263570,6/27/2016,MR/PE/CR,CHAFOL,20,PIPO,2,0,ABCO,0.1,327,CADE,2.9,210,PIPO,1.5,271,NA,NA,NA,NA,NA,NA,NA,NA,NA,,,
PWR,72B,731483,4263570,6/27/2016,MR/PE/CR,RIBROE,,PILA,2,0,CADE,0.1,120,PILA,7.4,228,,,,,,,,,,,,,,,
PWR,72B,731483,4263570,6/27/2016,MR/PE/CR,CEAINT,,CADE,4,0,PILA,0.5,232,ABCO,7.1,66,,,,,,,,,,,,,,,
PWR,72B,731483,4263570,6/27/2016,MR/PE/CR,,,ABCO,2,0,,,,PIPO,10,299,,,,,,,,,,,,,,,
PWR,72C,731314,4263553,6/27/2016,MR/PE/CR,CHAFOL,20,PIPO,6,0,PILA,0.4,13,PIPO,2.6,261,NA,NA,NA,NA,NA,NA,NA,NA,NA,NA,NA,NA,,,
PWR,72C,731314,4263553,6/27/2016,MR/PE/CR,RIBROE,,CADE,5,0,PIPO,0.7,133,CADE,7.3,13,,,,,,,,,,,,,,,
PWR,72C,731314,4263553,6/27/2016,MR/PE/CR,,,PILA,1,0,CADE,0.5,0,PILA,14.5,86,,,,,,,,,,,,,,,
PWR,72C,731314,4263553,6/27/2016,MR/PE/CR,,,,,,ABCO,0.6,32,ABCO,19,78,,,,,,,,,,,,,,,
PWR,72D,731307,4263347,6/29/2016,MR/PE,CHAFOL,10,PIPO,5,0,CADE,0.7,64,PIPO,3.6,223,NA,NA,NA,NA,NA,NA,NA,NA,NA,NA,NA,NA,,,
PWR,72D,731307,4263347,6/29/2016,MR/PE,CEACOR,,CADE,2,1,PIPO,1.2,250,ABCO,12.1,280,,,,,,,,,,,,,,,
PWR,72D,731307,4263347,6/29/2016,MR/PE,,,ABCO,1,0,PILA,4.4,224,PILA,63.5,282,,,,,,,,,,,,,,,
PWR,72D,731307,4263347,6/29/2016,MR/PE,,,,,,ABCO,5.4,180,CADE,14.2,178,,,,,,,,,,,,,,,
PWR,73A,736931,4262946,6/9/2016,MR/PE/CR,ARCVIS,20,PIPO,1,0,CADE,0.9,258,PIPO,14.7,320,QUCH,0.8,42,QUCH,2.4,176,NA,NA,NA,NA,NA,NA,,,
PWR,73A,736931,4262946,6/9/2016,MR/PE/CR,CHAFOL,,CADE,0,1,PILA,0.8,220,CADE,21.4,12,,,,QUKE,12.1,18,,,,,,,,,
PWR,73A,736931,4262946,6/9/2016,MR/PE/CR,CEAINT,,QUKE,4,0,PIPO,1.3,130,,,,,,,,,,,,,,,,,,
PWR,73A,736931,4262946,6/9/2016,MR/PE/CR,,,,,,ABCO,3.5,268,,,,,,,,,,,,,,,,,,
PWR,73B,736724,4262953,6/9/2016,MR/PE/CR,CHAFOL,10,CADE,3,0,CADE,1.1,92,CADE,0.7,136,NA,NA,NA,QUKE,21.2,310,NA,NA,NA,NA,NA,NA,,,
PWR,73B,736724,4262953,6/9/2016,MR/PE/CR,CEAINT,,PIPO,1,0,PIPO,5.1,302,PIPO,12.9,58,,,,,,,,,,,,,,,
PWR,73B,736724,4262953,6/9/2016,MR/PE/CR,ARCVIS,,,,,,,,,,,,,,,,,,,,,,,,,
PWR,812A,746637,4266838,7/13/2016,MR/PE,SALIX sp.,20,CADE,2,0,PIJE,4.9,134,CADE,4,93,,,,,,,,,,,,,,,
PWR,812A,746637,4266838,7/13/2016,MR/PE,ARCPAT,,PIJE,2,0,CADE,6.3,157,PIJE,8.4,320,,,,,,,,,,,,,,,
PWR,812A,746637,4266838,7/13/2016,MR/PE,CEACOR,,QUKE,1,0,,,,ABCO,4.2,296,,,,,,,,,,,,,,,
PWR,812A,746637,4266838,7/13/2016,MR/PE,QUEVAC,,,,,,,,,,,,,,,,,,,,,,,,,
PWR,812A,746637,4266838,7/13/2016,MR/PE,PRUEMA,,,,,,,,,,,,,,,,,,,,,,,,,
PWR,812A,746637,4266838,7/13/2016,MR/PE,RIBROE,,,,,,,,,,,,,,,,,,,,,,,,,
PWR,812B,746633,4267249,7/13/2016,MR/PE,SYMMOL,20,ABCO,7,0,ABCO,1.6,250,PIJE,2.8,287,NA,NA,NA,NA,NA,NA,NA,NA,NA,NA,NA,NA,TREE TAG #69 IS AN ABMA NOT ABCO,,
PWR,812B,746633,4267249,7/13/2016,MR/PE,RIBROE,,PILA,1,0,CADE,4.6,278,ABCO,1.9,117,,,,,,,,,,,,,,,
PWR,812B,746633,4267249,7/13/2016,MR/PE,CEACOR,,ABMA,1,0,PILA,2,256,CADE,10,116,,,,,,,,,,,,,,,
PWR,812B,746633,4267249,7/13/2016,MR/PE,PRUEMA,,,,,PIJE,9.8,276,PILA,5.3,235,,,,,,,,,,,,,,,
PWR,812B,746633,4267249,7/13/2016,MR/PE,ROSBRI,,,,,,,,ABMA,3.7,330,,,,,,,,,,,,,,,
PWR,812B,746633,4267249,7/13/2016,MR/PE,ARCPAT,,,,,,,,,,,,,,,,,,,,,,,,,
PWR,812C,746637,4267445,7/13/2016,MR/PE,ARCPAT,20,ABCO,2,3,PIJE,1.8,38,ABCO,5.7,352,NA,NA,NA,NA,NA,NA,NA,NA,NA,NA,NA,NA,,,
PWR,812C,746637,4267445,7/13/2016,MR/PE,QUEVAC,,PIJE,1,0,ABCO,2,20,CADE,2.3,270,,,,,,,,,,,,,,,
PWR,812C,746637,4267445,7/13/2016,MR/PE,CEACOR,,CADE,2,0,CADE,12.4,106,PIJE,0.7,258,,,,,,,,,,,,,,,
PWR,812C,746637,4267445,7/13/2016,MR/PE,RIBROE,,,,,,,,PILA,62.8,190,,,,,,,,,,,,,,,
PWR,812C,746637,4267445,7/13/2016,MR/PE,GARFRE,,,,,,,,,,,,,,,,,,,,,,,,,
PWR,812C,746637,4267445,7/13/2016,MR/PE,PRUEMA,,,,,,,,,,,,,,,,,,,,,,,,,
PWR,813A,741220,4266642,6/21/2016,MR/PE,RIBROE,20,ABCO,3,1,CADE,3.1,86,PIJE,9.6,225,NA,NA,NA,QUKE,21.5,357,NA,NA,NA,NA,NA,NA,,,
PWR,813A,741220,4266642,6/21/2016,MR/PE,SYMMOL,,PIJE,2,0,ABCO,1.9,43,ABCO,4.8,278,,,,,,,,,,,,,,,
PWR,813A,741220,4266642,6/21/2016,MR/PE,CEACOR,,CADE,3,0,PILA,9.2,89,CADE,0.4,149,,,,,,,,,,,,,,,
PWR,813A,741220,4266642,6/21/2016,MR/PE,ARCPAT,,,,,ABCO,13.3,284,PILA,30.7,265,,,,,,,,,,,,,,,
PWR,813A,741220,4266642,6/21/2016,MR/PE,CHAFOL,,,,,,,,,,,,,,,,,,,,,,,,,
